method,variant,family,x_infer,x_train,imp,elo,imputed,imputed_pct
LimiX-2,Default,Foundation Model,9.027770363636465,30.943221415728196,2.7905029115341975,1935.4,False,0.0
TabPFN-3.5,Default,Foundation Model,0.4727023577552287,1.8393251447765546,7.110998253867122,1857.4,False,0.0
Causilo,Default,Foundation Model,0.10426270480003837,0.67646001038452,8.658230795748349,1783.0,False,0.0
TabPFN-3.5-Fast,Default,Foundation Model,0.15244688999997796,0.7209650229333647,8.545872420383114,1771.5,False,0.0
TabFM,Default,Foundation Model,6.65335871717305,16.12354669952956,6.066682144986948,1770.9,False,0.0
Mitra-v2,Default,Foundation Model,0.8784418878000906,57.14131882538527,7.907468514843337,1755.9,False,0.0
EXAONE-Tabular,Default,Foundation Model,0.5796574693562728,1.9996298132966313,9.209291202466146,1744.7,False,0.0
TabPFN-3,Default,Foundation Model,0.3816372809332412,1.2903119118445192,11.333836473375555,1628.9,False,0.0
Xiaomi-TabLDM,Default,Foundation Model,0.25452015069036144,1.1153670926527144,11.843178051661232,1584.5,False,0.0
TabPFN-2.6,Default,Foundation Model,0.5548034626013535,5.482579877802832,12.621641634300396,1579.1,False,0.0
RealTabPFN-2.5,Tuned + Ens.,Foundation Model,8.907660220396073,2040.2228420972824,12.328025355635173,1561.3,False,0.0
TabICLv2,Default,Foundation Model,0.13854982727315032,0.7456290236173321,12.102011027300701,1560.5,False,0.0
RealTabPFN-2.5,Tuned,Foundation Model,1.217878699427239,2040.2228420972824,13.022657006543486,1525.7,False,0.0
TabDPT-1.3,Default,Foundation Model,0.17592198934324613,0.5682802331243564,13.892836944896608,1514.7,False,0.0
RealTabPFN-2.5,Default,Foundation Model,0.644969598113518,5.809798529870024,13.585590716764617,1499.0,False,0.0
RealMLP,Tuned + Ens.,Neural Network,11.974985376498216,2950.724447694827,14.75978625669726,1474.3,False,0.0
TabDPT-Turbo,Default,Foundation Model,0.18241940288749647,2.06768405148355,15.825770239429485,1429.7,False,0.0
TabDPT,Tuned + Ens.,Foundation Model,286.53737883567806,4910.377306237253,15.623810449019441,1429.6,False,0.0
TabM,Tuned + Ens.,Neural Network,2.246865858634313,2450.1270774379373,15.887064007907902,1421.6,False,0.0
LightGBM,Tuned + Ens.,Tree-based,2.638673830958025,417.0474735648702,16.821608780505333,1408.0,False,0.0
RealMLP,Tuned,Neural Network,0.663132054971364,2950.724447694827,16.018830180696344,1402.2,False,0.0
CatBoost,Tuned + Ens.,Tree-based,0.3442282032056243,1346.210691180287,16.43954008143293,1396.8,False,0.0
CatBoost,Tuned,Tree-based,0.03809286543601384,1346.210691180287,16.659868719762922,1385.3,False,0.0
iLTM,Tuned + Ens.,Foundation Model,464.3696034625343,12685.081550183375,17.080888569159413,1380.0,False,0.0
TabDPT,Tuned,Foundation Model,39.95973646029047,4910.377306237253,16.711988417835894,1378.8,False,0.0
TabM,Tuned,Neural Network,0.25129394622912726,2450.1270774379373,16.72723833941871,1370.6,False,0.0
LightGBM,Tuned,Tree-based,0.3337603531487198,417.0474735648702,17.462825129266474,1364.4,False,0.0
ModernNCA,Tuned + Ens.,Neural Network,8.137916867537678,4621.665633563503,17.371642874457017,1363.4,False,0.0
ChimeraBoost,Tuned + Ens.,Tree-based,0.4692529093322957,518.4320707488994,17.713503358814584,1360.9,False,0.0
CatBoost,Default,Tree-based,0.02489617665608724,5.876676442022475,17.270883064705437,1358.0,False,0.0
XGBoost,Tuned + Ens.,Tree-based,1.6894451629541256,693.4907982506384,17.53343934442067,1355.4,False,0.0
LimiX,Default,Foundation Model,6.2423742585450634,26.459751268166386,17.308396874579003,1341.8,False,0.0
ModernNCA,Tuned,Neural Network,0.4747242314576746,4621.665633563503,17.778092816925124,1336.3,False,0.0
ChimeraBoost,Tuned,Tree-based,0.0503248844331908,518.4320707488994,18.149154422120848,1334.1,False,0.0
XGBoost,Tuned,Tree-based,0.3080760155405317,693.4907982506384,17.83698441737416,1332.4,False,0.0
xRFM,Tuned + Ens.,Other,2.549259534903935,846.8860702336882,18.04147664243946,1330.0,False,0.0
TabSwift,Default,Foundation Model,0.06343963213554202,0.5728719166340545,17.878959104402313,1329.8,False,0.0
CTBoost,Tuned + Ens.,Tree-based,0.46210634677519796,1404.1565163889916,18.47396760619287,1324.5,False,0.0
TabPFNv2,Tuned + Ens.,Foundation Model,21.441745344797773,3031.497965050595,18.37352927058115,1322.3,True,35.294117647058826
Mitra,Default,Foundation Model,2.5047910539467777,87.64508139392186,18.89960672495945,1312.9,True,35.294117647058826
TabDPT,Default,Foundation Model,43.737812222627376,47.64668788909912,18.944415825211397,1306.4,False,0.0
TabICL,Default,Foundation Model,1.479660415649414,6.6270115137100225,18.80300674167703,1304.1,True,29.411764705882355
ChimeraBoost,Default,Tree-based,0.05158072382519021,2.653780256788737,18.978656696534504,1299.7,False,0.0
CTBoost,Tuned,Tree-based,0.06116120943001339,1404.1565163889916,19.007207346619197,1295.1,False,0.0
xRFM,Tuned,Other,0.13027435019228545,846.8860702336882,19.15902761955,1285.9,False,0.0
TabM,Default,Neural Network,0.2435252328360982,7.486463968520102,18.737904384936858,1282.6,False,0.0
iLTM,Tuned,Foundation Model,62.129902117180094,12685.081550183375,18.862131482942797,1280.2,False,0.0
BetaTabPFN,Default,Foundation Model,1.3429487990891908,205.88373934998089,20.193476572974483,1271.2,True,25.49019607843137
TorchMLP,Tuned + Ens.,Neural Network,1.9516254299583915,2875.520340774675,18.900264908092147,1269.2,False,0.0
TabPFNv2,Tuned,Foundation Model,0.46198440414964803,3031.497965050595,19.8184544983421,1268.9,True,35.294117647058826
SAP-RPT-OSS,Default,Foundation Model,2.0745579697490073,14.11326684554418,20.029450615330713,1266.3,False,0.0
EBM,Tuned + Ens.,Tree-based,0.14129001235465857,1711.2458519871225,20.342545327447862,1253.4,False,0.0
TabPFNv2,Default,Foundation Model,0.31292319242745453,3.3572004182270923,20.638774455493554,1242.7,True,35.294117647058826
ModernNCA,Default,Neural Network,0.3073466783584545,14.869686344646652,20.856588055432752,1237.3,False,0.0
EBM,Tuned,Tree-based,0.015030898720760692,1711.2458519871225,20.96450646719602,1220.1,False,0.0
RealMLP,Default,Neural Network,1.688795494836301,10.05564923800873,20.25371153829759,1216.7,False,0.0
XGBoost,Default,Tree-based,0.12262328807300621,1.9409389396340444,20.489981181091537,1206.2,False,0.0
TorchMLP,Tuned,Neural Network,0.131112832826372,2875.520340774675,20.551582769069494,1200.9,False,0.0
ExtraTrees,Tuned + Ens.,Tree-based,0.7662402324832739,263.0379305178949,21.43550488962594,1200.4,False,0.0
FastaiMLP,Tuned + Ens.,Neural Network,4.466695070266724,593.237788402893,21.32573323049805,1192.4,False,0.0
EBM,Default,Tree-based,0.014352864847965238,6.673146850898109,21.889319772257494,1192.0,False,0.0
APLR,Tuned + Ens.,Other,1.1281189521153767,1533.7593980328122,21.99945857653527,1185.5,False,0.0
LightGBM,Default,Tree-based,0.14167879422505697,1.9600326879612946,21.00297021358174,1181.8,False,0.0
ExtraTrees,Tuned,Tree-based,0.07121299392949774,263.0379305178949,22.183480524266173,1176.6,False,0.0
CTBoost,Default,Tree-based,0.03888118511662205,5.979664552041242,22.895384833431514,1172.4,False,0.0
RandomForest,Tuned + Ens.,Tree-based,0.7709478321252661,373.23710550957964,22.430890561903865,1169.5,False,0.0
Nori-30M,Default,Foundation Model,0.07993502276284355,0.5265501440782153,24.684445680095735,1154.3,True,74.50980392156863
Nori,Default,Foundation Model,0.07993502276284355,0.5265501440782153,24.931164173116063,1145.1,True,74.50980392156863
APLR,Tuned,Other,0.10639772415161133,1533.7593980328122,23.094907158250173,1144.4,False,0.0
FastaiMLP,Tuned,Neural Network,0.306391541190021,593.237788402893,22.695998607103917,1137.1,False,0.0
RandomForest,Tuned,Tree-based,0.08522791862487794,373.23710550957964,23.119078588505065,1134.7,False,0.0
iLTM,Default,Foundation Model,68.17329693701195,296.63929176158115,24.591555602565325,1087.4,False,0.0
PerpetualBooster,Tuned + Ens.,Tree-based,0.5997539679209392,185.306705652078,27.835665794332154,1086.8,False,0.0
TabSTAR,Tuned,Foundation Model,4.26805346323971,28729.737365569254,27.054245573589192,1086.4,False,0.0
TabSTAR,Tuned + Ens.,Foundation Model,18.8114333152771,28729.737365569254,27.067392783502363,1085.5,False,0.0
OrionMSP,Default,Foundation Model,2.52001624306043,13.117021835871402,25.20798830655828,1085.0,True,25.49019607843137
APLR,Default,Other,0.05803039815690783,6.121403990047319,25.970437729397634,1077.6,False,0.0
TorchMLP,Default,Neural Network,0.1258046787872722,9.99256321379882,24.383940957857895,1071.1,False,0.0
PerpetualBooster,Tuned,Tree-based,0.2581384468078613,185.306705652078,29.123941913967272,1052.3,False,0.0
xRFM,Default,Other,0.9186215875564591,3.2328671519382346,27.92794650865237,1039.4,False,0.0
TabFlex,Default,Foundation Model,0.12265219342605478,0.7886124945265194,29.07391135574692,1009.4,True,25.49019607843137
ExtraTrees,Default,Tree-based,0.28340813208977944,1.8719729433204921,27.65478570384782,1007.6,False,0.0
FastaiMLP,Default,Neural Network,0.37317813888351864,2.856149195889622,27.150425493300727,1004.9,False,0.0
RandomForest,Default,Tree-based,0.05354057584727896,0.43432508267329906,27.744994843924943,1000.0,False,0.0
TabSTAR,Default,Foundation Model,5.348086842145453,384.74563018139656,31.81501117338813,986.9,False,0.0
PerpetualBooster,Default,Tree-based,0.028580506642659504,27.322832322961396,32.993595599115366,934.6,False,0.0
