,LimiX-2 (default),TabPFN-3.5 (default),TabFM (default),Causilo (default),TabPFN-3.5-Fast (default),Mitra-v2 (default),EXAONE-Tabular (default),TabPFN-3 (default),Xiaomi-TabLDM (default),TabICLv2 (default),TabPFN-2.6 (default),RealTabPFN-2.5 (T+E),TabDPT-1.3 (default),RealMLP (T+E),TabDPT (T+E),TabDPT-Turbo (default),TabM (T+E),LightGBM (T+E),CatBoost (T+E),iLTM (T+E),ModernNCA (T+E),LimiX (default),ChimeraBoost (T+E),XGBoost (T+E),TabPFNv2 (T+E),TabSwift (default),xRFM (T+E),Mitra (default),CTBoost (T+E),TabICL (default),BetaTabPFN (default),SAP-RPT-OSS (default),TorchMLP (T+E),EBM (T+E),ExtraTrees (T+E),FastaiMLP (T+E),APLR (T+E),RandomForest (T+E),Nori-30M (default),Nori (default),TabSTAR (T+E),OrionMSP (default),PerpetualBooster (T+E),TabFlex (default),Linear (T+E),KNN (T+E)
LimiX-2 (default),,0.6895424,0.6753813,0.7941176,0.7886711,0.8052288,0.7941176,0.89694995,0.90217876,0.9132898,0.9289761,0.9361657,0.9239652,0.964488,0.95010895,0.9422658,0.9555556,0.9662308,0.9734204,0.98485833,0.98126364,0.96644884,0.9572985,0.9788671,0.9572985,0.9671024,0.96230936,0.94596946,0.9610021,0.97244006,0.9509805,0.9513072,0.9864924,0.9736383,0.9692811,0.98148143,0.9832244,0.9686274,0.9668846,0.9749456,0.940305,0.9862745,0.99389976,0.9782135,0.9830065,0.98453146
TabPFN-3.5 (default),0.3104575,,0.51481485,0.6544663,0.78572994,0.66361666,0.7209151,0.8648148,0.83856225,0.8626362,0.8895425,0.86928123,0.8812637,0.95795214,0.93551195,0.9311547,0.96361655,0.95413953,0.95925933,0.98017424,0.9675381,0.93464065,0.94705886,0.9753813,0.9285402,0.95620924,0.9551198,0.91982573,0.959695,0.9657953,0.94117653,0.92919385,0.9851852,0.97167754,0.96372545,0.97581697,0.9738562,0.97363836,0.9409587,0.9610022,0.91808283,0.98366016,0.99259263,0.9742919,0.9742919,0.9827887
TabFM (default),0.32461882,0.48518515,,0.6179738,0.61154693,0.5823531,0.6755992,0.7814815,0.7989107,0.84803945,0.82875824,0.8322441,0.8448803,0.8657953,0.87843144,0.90610015,0.9117648,0.90697175,0.9052288,0.90217865,0.90915036,0.9030501,0.88213515,0.92352945,0.9176472,0.9041395,0.91851854,0.921133,0.88431376,0.95686275,0.9209151,0.9093683,0.94422656,0.9283225,0.9507625,0.92200434,0.94749457,0.96013075,0.91372555,0.94901973,0.89956427,0.9627451,0.99259263,0.96568626,0.964488,0.9607843
Causilo (default),0.20588237,0.3455337,0.3820262,,0.47483665,0.46056646,0.54956424,0.79379094,0.8028323,0.8459695,0.8542484,0.83235294,0.85043573,0.90697175,0.92821354,0.9006536,0.93638355,0.935512,0.9106754,0.9296295,0.9416122,0.9110022,0.9165578,0.9496732,0.90969497,0.94618744,0.9233116,0.9259259,0.9409587,0.95664483,0.9495642,0.9250545,0.9703704,0.95838773,0.9671023,0.95010895,0.9714596,0.9762527,0.9342049,0.95337695,0.9213507,0.97908497,0.985403,0.9676471,0.9657953,0.982353
TabPFN-3.5-Fast (default),0.21132901,0.21427014,0.38845316,0.5251634,,0.49455336,0.57342035,0.7596951,0.7496731,0.77004355,0.8250545,0.81481487,0.81568617,0.91459703,0.87886703,0.8813724,0.91655767,0.9431373,0.9344227,0.9557735,0.95882356,0.9145969,0.9196078,0.9668846,0.89433545,0.9111111,0.9511982,0.8976035,0.9409587,0.956645,0.9257082,0.9215686,0.96862745,0.95163405,0.96056634,0.96917206,0.96775603,0.9679739,0.91307193,0.92309374,0.91089326,0.97843134,0.9947713,0.97102404,0.97167754,0.97734207
Mitra-v2 (default),0.19477126,0.3363834,0.41764697,0.5394336,0.50544655,,0.6185186,0.74684095,0.7827887,0.77331144,0.8409587,0.8265796,0.8147058,0.88823533,0.8688454,0.8721132,0.9176471,0.93180823,0.90762526,0.92875814,0.9379084,0.9259259,0.9061003,0.9431372,0.8971678,0.9108933,0.91808283,0.89542484,0.9278867,0.9294119,0.9132898,0.90588236,0.9607843,0.9416122,0.94248366,0.94291943,0.9505448,0.9629629,0.9331155,0.94531596,0.8869281,0.9662309,0.97799563,0.9642702,0.9660131,0.9690631
EXAONE-Tabular (default),0.20588234,0.27908495,0.32440084,0.45043576,0.4265796,0.38148144,,0.6222222,0.7010894,0.7104575,0.82766896,0.8002179,0.7681917,0.8860567,0.8133987,0.84052277,0.92352945,0.93159044,0.9422658,0.9296297,0.9416122,0.89847505,0.9165578,0.9602396,0.8873639,0.9052288,0.93681926,0.8997821,0.96928114,0.91786486,0.9331154,0.9246187,0.9694989,0.9581699,0.9546841,0.9570806,0.96993464,0.9732026,0.8941177,0.9352942,0.90697175,0.96710235,0.98474944,0.9638344,0.9697168,0.9797386
TabPFN-3 (default),0.10305011,0.1351852,0.21851853,0.20620914,0.24030502,0.25315908,0.37777779,,0.58257085,0.5957516,0.63551193,0.65032685,0.696623,0.7616557,0.7523965,0.8102397,0.8117647,0.8135076,0.81655777,0.84640527,0.85446614,0.7875816,0.861438,0.8514161,0.8141612,0.8993465,0.8588236,0.8368192,0.82352936,0.8860567,0.8688454,0.85381263,0.90827894,0.8703704,0.9374728,0.90533763,0.92919385,0.93812644,0.88540316,0.9161221,0.90065366,0.9675382,0.9474945,0.97124183,0.94357294,0.9503268
Xiaomi-TabLDM (default),0.097821355,0.16143791,0.20108934,0.19716775,0.25032678,0.2172113,0.29891068,0.41742915,,0.5528322,0.559695,0.5934641,0.6339869,0.72287595,0.7675382,0.7431373,0.75882363,0.7745099,0.7754903,0.80740744,0.7989107,0.77145976,0.7721132,0.79673207,0.75729847,0.8605664,0.8235294,0.78758174,0.8044662,0.8328977,0.8466231,0.8342048,0.88061017,0.8686275,0.91045755,0.89106756,0.92047936,0.9041395,0.8633987,0.89041394,0.89389986,0.94945526,0.9372549,0.9520697,0.95076257,0.951634
TabICLv2 (default),0.08671024,0.13736385,0.15196079,0.15403052,0.22995643,0.22668844,0.28954247,0.40424842,0.44716778,,0.52832246,0.5605664,0.6030501,0.70076257,0.7432462,0.7265795,0.75446635,0.76568633,0.7697168,0.7799565,0.7912855,0.77222216,0.76383436,0.7816995,0.769717,0.8488018,0.795207,0.79836607,0.77930284,0.85697174,0.84368193,0.81808275,0.84596956,0.8276689,0.89640534,0.8697168,0.89389974,0.8947713,0.84444445,0.85403055,0.88300645,0.943573,0.92135066,0.93790853,0.9331155,0.94858384
TabPFN-2.6 (default),0.07102397,0.11045752,0.17124183,0.14575164,0.17494555,0.1590414,0.17233115,0.36448804,0.440305,0.47167754,,0.49847487,0.5215686,0.7224402,0.68823534,0.6877995,0.76753825,0.7921569,0.80305016,0.8135076,0.82113296,0.77429193,0.80261433,0.83267975,0.75446624,0.817647,0.83572984,0.8119826,0.8167757,0.8217864,0.84444445,0.8477124,0.8941176,0.88801754,0.9265796,0.8862745,0.9197168,0.9328976,0.8291939,0.86056644,0.89215684,0.9429195,0.96274513,0.9616558,0.9446623,0.95424837
RealTabPFN-2.5 (T+E),0.06383443,0.13071899,0.167756,0.16764705,0.18518516,0.17342047,0.1997821,0.34967318,0.40653595,0.43943357,0.50152504,,0.5128539,0.6901961,0.6607843,0.6529412,0.73681915,0.76906323,0.7671025,0.7611111,0.74553376,0.7605664,0.7892157,0.8139434,0.79825705,0.8020697,0.81111115,0.81067544,0.8041394,0.7857299,0.8424836,0.8238563,0.87734205,0.8640524,0.8827887,0.8763618,0.89673203,0.9089324,0.8455338,0.87908506,0.8862745,0.94989103,0.9679738,0.95359474,0.9155774,0.93224394
TabDPT-1.3 (default),0.076034866,0.11873639,0.15511984,0.14956428,0.1843137,0.18529414,0.23180827,0.30337688,0.3660131,0.39694992,0.4784314,0.48714605,,0.6446624,0.65533763,0.75991285,0.6762526,0.68681914,0.6956428,0.7237473,0.74444443,0.72723305,0.7163399,0.71198255,0.6701525,0.8115469,0.74727666,0.70980394,0.7030502,0.77734196,0.77145964,0.78322446,0.80566454,0.78801745,0.8845317,0.85555565,0.8701525,0.8599129,0.8326798,0.8431373,0.85446626,0.94923747,0.91023964,0.96165574,0.9185186,0.94596946
RealMLP (T+E),0.035511985,0.04204793,0.1342048,0.09302832,0.08540306,0.111764714,0.11394336,0.23834424,0.27712417,0.2992375,0.2775599,0.30980387,0.35533762,,0.5011983,0.5185185,0.5873638,0.6832244,0.6779956,0.7211328,0.64204794,0.62461877,0.6649237,0.7673203,0.587037,0.64204794,0.7873638,0.6551199,0.7294118,0.66252726,0.7424837,0.74400884,0.8043574,0.8021787,0.8533769,0.89727676,0.8399782,0.8949891,0.79455334,0.83180827,0.8551198,0.895207,0.94858384,0.9167756,0.92461884,0.9296296
TabDPT (T+E),0.04989107,0.06448802,0.121568635,0.071786486,0.12113289,0.1311547,0.18660133,0.24760349,0.23246187,0.2567538,0.31176475,0.3392157,0.3446623,0.49880174,,0.5028323,0.54651415,0.58736384,0.5869281,0.6372549,0.5880174,0.59226584,0.62200433,0.61383444,0.62265795,0.6664488,0.69008714,0.6448801,0.60403055,0.587037,0.64945537,0.69847494,0.73061013,0.7038127,0.81111115,0.7825708,0.7805011,0.845316,0.84139425,0.8625272,0.80087155,0.9141612,0.9117648,0.92810464,0.8374728,0.9208061
TabDPT-Turbo (default),0.057734203,0.068845324,0.09389977,0.09934639,0.11862744,0.12788671,0.1594771,0.18976036,0.25686273,0.27342045,0.31220043,0.34705883,0.24008715,0.4814814,0.49716777,,0.527342,0.5732026,0.6126362,0.63224405,0.5834422,0.6368191,0.6172113,0.6366013,0.60065365,0.7209151,0.66427016,0.6250545,0.6232027,0.6300654,0.6649237,0.6799565,0.7461873,0.68169934,0.8277778,0.8,0.81067544,0.84596956,0.8010894,0.8283225,0.817865,0.91132885,0.88976043,0.94008714,0.8461874,0.9220044
TabM (T+E),0.044444446,0.036383443,0.0882353,0.06361656,0.08344228,0.08235294,0.07647059,0.18823527,0.24117647,0.2455338,0.23246187,0.2631808,0.32374725,0.41263613,0.45348582,0.472658,,0.5718955,0.58779955,0.58442265,0.56862754,0.52657944,0.6206972,0.6440087,0.5326797,0.6043573,0.6080611,0.5716776,0.67756,0.6285403,0.74727666,0.6956428,0.7422659,0.7629631,0.775817,0.81633985,0.8206972,0.787146,0.7185185,0.7346405,0.85294116,0.8653596,0.89193904,0.9150327,0.9077342,0.9067539
LightGBM (T+E),0.033769067,0.04586057,0.09302833,0.064488016,0.056862745,0.06819174,0.06840959,0.18649238,0.22549018,0.2343137,0.20784314,0.23093684,0.31318083,0.3167756,0.41263622,0.42679742,0.42810455,,0.51437914,0.5253813,0.5034858,0.47668847,0.582135,0.7058825,0.5286492,0.582353,0.59128547,0.5568627,0.7213508,0.61045754,0.65599126,0.6505447,0.68583876,0.75370383,0.7979304,0.76688445,0.8139434,0.8446623,0.74161214,0.7437908,0.83986926,0.8649237,0.93137264,0.9017429,0.9041394,0.9183006
CatBoost (T+E),0.026579523,0.040740747,0.09477124,0.08932462,0.06557735,0.09237473,0.0577342,0.18344225,0.22450978,0.23028322,0.19694988,0.23289761,0.30435732,0.32200435,0.4130719,0.38736382,0.41220048,0.4856209,,0.532244,0.533769,0.48104575,0.5732026,0.6332244,0.5239652,0.5821351,0.59629625,0.54313725,0.6575163,0.6111111,0.66122,0.675817,0.6973856,0.7294118,0.796732,0.76274496,0.8095861,0.84923756,0.72766894,0.72352946,0.8387799,0.835512,0.90740734,0.88169926,0.90457517,0.91437906
iLTM (T+E),0.015141614,0.019825708,0.09782135,0.070370376,0.044226576,0.071241826,0.07037037,0.15359478,0.19259258,0.22004355,0.1864924,0.23888883,0.27625278,0.27886707,0.36274514,0.367756,0.41557735,0.47461873,0.46775594,,0.48779953,0.4576253,0.49956426,0.5728758,0.5169935,0.5474946,0.5859478,0.5332244,0.5887799,0.58398694,0.6416122,0.6542484,0.7239652,0.6869281,0.78311557,0.8023966,0.77145964,0.8392158,0.7252723,0.74509805,0.8092593,0.8478214,0.8764707,0.91023964,0.87559927,0.9041394
ModernNCA (T+E),0.018736385,0.03246187,0.09084967,0.058387797,0.041176468,0.0620915,0.058387805,0.14553379,0.20108932,0.2087146,0.17886713,0.25446624,0.25555557,0.35795215,0.4119826,0.41655773,0.43137252,0.49651423,0.466231,0.5122005,,0.5206972,0.49738562,0.574292,0.48453158,0.5747277,0.5699346,0.5211329,0.614597,0.5793028,0.6400872,0.6220044,0.65925926,0.672767,0.7470587,0.7244008,0.7418301,0.7753813,0.7328976,0.7429194,0.76949894,0.79825705,0.8492375,0.8461873,0.83572984,0.8700436
LimiX (default),0.0335512,0.06535948,0.096949905,0.08899782,0.08540305,0.07407408,0.10152506,0.21241829,0.2285403,0.22777778,0.22570808,0.23943357,0.27276686,0.3753812,0.40773416,0.3631808,0.4734205,0.52331156,0.5189543,0.5423747,0.47930282,,0.598475,0.55468404,0.53485847,0.5070806,0.5180828,0.55283237,0.6080611,0.57407415,0.58692807,0.6102397,0.6187363,0.67472774,0.6623093,0.69117653,0.64117646,0.69564265,0.7056645,0.7004357,0.7529412,0.7689543,0.74422663,0.77647066,0.8470589,0.8154685
ChimeraBoost (T+E),0.042701524,0.052941177,0.117864914,0.08344227,0.08039215,0.093899794,0.08344227,0.1385621,0.2278867,0.23616555,0.1973856,0.21078427,0.2836601,0.33507627,0.3779956,0.38278872,0.3793028,0.41786498,0.4267974,0.5004357,0.5026144,0.40152505,,0.54967326,0.45381266,0.5392157,0.50980395,0.48213506,0.6077342,0.5749456,0.63224405,0.64117646,0.64814824,0.72570807,0.7061002,0.70326793,0.7546841,0.7666667,0.6766884,0.68213505,0.83202624,0.83616555,0.8479304,0.8840959,0.8755991,0.8591503
XGBoost (T+E),0.0211329,0.02461874,0.07647059,0.050326794,0.033115476,0.056862753,0.03976035,0.14858387,0.20326798,0.21830067,0.16732025,0.18605666,0.2880174,0.23267974,0.3861656,0.36339873,0.35599133,0.29411763,0.3667756,0.4271242,0.42570803,0.44531593,0.45032677,,0.4859477,0.50566447,0.54912853,0.5120915,0.5533769,0.5610022,0.62919384,0.6069717,0.6589324,0.68344223,0.75533766,0.7252723,0.76230925,0.8282136,0.7159042,0.7281047,0.81851864,0.8340958,0.8570806,0.8850763,0.90283227,0.89825696
TabPFNv2 (T+E),0.042701524,0.0714597,0.08235294,0.09030502,0.105664484,0.10283225,0.11263617,0.18583877,0.24270152,0.23028323,0.24553378,0.20174289,0.3298475,0.41296297,0.37734205,0.3993464,0.46732032,0.47135076,0.47603488,0.48300654,0.5154684,0.4651416,0.5461874,0.5140523,,0.5023965,0.5442266,0.532244,0.5664488,0.50566447,0.6240741,0.55915034,0.55969495,0.64542496,0.57941175,0.6757081,0.67756,0.60893244,0.6084967,0.6233115,0.7248365,0.72352946,0.7102397,0.77320266,0.80533767,0.80479306
TabSwift (default),0.032897603,0.04379085,0.09586056,0.053812638,0.08888889,0.08910677,0.094771236,0.1006536,0.13943355,0.15119825,0.18235295,0.19793029,0.18845317,0.3579521,0.33355123,0.27908498,0.3956427,0.417647,0.4178649,0.4525054,0.4252723,0.49291936,0.4607843,0.49433547,0.49760345,,0.5145969,0.52091503,0.5352941,0.48616558,0.5636166,0.608061,0.61633986,0.5991285,0.6751635,0.7639433,0.6930284,0.69564265,0.69084966,0.70958614,0.81067544,0.8830065,0.840523,0.9267974,0.8340959,0.8732026
xRFM (T+E),0.037690636,0.044880174,0.08148149,0.07668845,0.04880175,0.08191721,0.06318083,0.14117648,0.1764706,0.20479305,0.16427013,0.18888889,0.2527233,0.21263619,0.30991286,0.33572984,0.39193892,0.4087146,0.4037037,0.41405225,0.43006533,0.48191726,0.49019605,0.4508715,0.4557734,0.4854031,,0.5172113,0.49586058,0.5089325,0.5899782,0.55795205,0.587146,0.61633986,0.7108933,0.69248366,0.6877995,0.7629629,0.71939003,0.7352943,0.75925916,0.8424836,0.8089325,0.9028322,0.89629626,0.922549
Mitra (default),0.054030508,0.08017429,0.0788671,0.07407409,0.10239652,0.104575165,0.100217864,0.16318081,0.21241832,0.20163395,0.18801741,0.18932462,0.29019606,0.34488016,0.35511982,0.37494552,0.42832243,0.44313726,0.45686272,0.46677557,0.47886705,0.44716766,0.51786494,0.48790848,0.46775597,0.47908494,0.48278865,,0.554902,0.52657956,0.6102396,0.5572985,0.5956426,0.6607843,0.5694989,0.6891068,0.704793,0.5773421,0.608061,0.6150327,0.7498911,0.72690636,0.701525,0.78997827,0.8229848,0.7891068
CTBoost (T+E),0.038997825,0.04030501,0.115686275,0.059041396,0.059041396,0.0721133,0.030718958,0.17647056,0.19553375,0.2206972,0.1832244,0.19586055,0.29694992,0.27058822,0.39596948,0.37679732,0.32244006,0.27864924,0.34248364,0.41122007,0.385403,0.3919389,0.39226577,0.4466231,0.4335512,0.46470585,0.5041394,0.44509795,,0.49825698,0.5368191,0.567756,0.6181918,0.6705882,0.7226578,0.6821351,0.7501089,0.759695,0.6980392,0.7004357,0.83115476,0.74596953,0.7477123,0.8270152,0.9106754,0.854902
TabICL (default),0.027559914,0.034204792,0.043137256,0.043355122,0.04335512,0.07058824,0.08213508,0.11394336,0.16710243,0.14302832,0.1782135,0.21427014,0.22265796,0.33747277,0.41296297,0.36993462,0.3714597,0.3895425,0.3888889,0.4160131,0.42069715,0.4259259,0.42505446,0.43899783,0.4943355,0.5138344,0.49106756,0.47342047,0.50174296,,0.55315906,0.5618737,0.562963,0.5938997,0.6320261,0.65708065,0.664488,0.60588235,0.7115468,0.70871466,0.77952075,0.7755992,0.7525054,0.79477125,0.8300654,0.8788672
BetaTabPFN (default),0.04901961,0.05882353,0.07908497,0.05043573,0.074291945,0.086710244,0.06688453,0.1311547,0.15337692,0.15631808,0.15555556,0.15751635,0.22854035,0.25751632,0.35054466,0.33507624,0.2527233,0.3440087,0.33877993,0.35838786,0.35991284,0.41307187,0.367756,0.37080613,0.37592593,0.43638346,0.41002175,0.38976038,0.46318084,0.44684097,,0.5206972,0.516122,0.5755992,0.55468416,0.6315904,0.6461874,0.54749453,0.63551193,0.63267976,0.8296297,0.7148148,0.68932456,0.7928105,0.88997823,0.87211335
SAP-RPT-OSS (default),0.04869281,0.0708061,0.09063181,0.07494553,0.078431375,0.09411764,0.07538127,0.14618735,0.1657952,0.1819172,0.15228757,0.1761438,0.21677561,0.2559913,0.3015251,0.32004356,0.30435732,0.34945533,0.32418305,0.34575164,0.3779956,0.3897603,0.3588235,0.3930283,0.4408497,0.39193898,0.44204798,0.44270152,0.43224403,0.43812636,0.4793028,,0.5030501,0.5071896,0.5803922,0.6381264,0.5976035,0.59901965,0.6374727,0.63943356,0.6921569,0.7000001,0.7361656,0.8019609,0.84727675,0.8058824
TorchMLP (T+E),0.013507626,0.0148148155,0.055773426,0.029629631,0.03137255,0.03921569,0.030501092,0.09172113,0.11938998,0.15403052,0.10588236,0.122657955,0.1943355,0.1956427,0.26938996,0.25381267,0.2577342,0.31416118,0.3026144,0.27603483,0.34074074,0.38126364,0.3518518,0.34106752,0.44030502,0.3836601,0.412854,0.40435734,0.38180825,0.437037,0.48387802,0.4969499,,0.5,0.66056645,0.68213516,0.675708,0.70065355,0.6359477,0.6381264,0.7874729,0.75076246,0.7250545,0.8411765,0.8590414,0.8413943
EBM (T+E),0.026361661,0.028322442,0.071677566,0.0416122,0.048366018,0.058387805,0.041830067,0.12962964,0.13137254,0.17233115,0.11198258,0.13594772,0.21198258,0.19782133,0.2961873,0.31830066,0.23703705,0.2462963,0.27058825,0.31307185,0.3272331,0.32527232,0.27429193,0.31655777,0.3545751,0.40087152,0.38366014,0.33921567,0.32941172,0.4061003,0.4244008,0.49281046,0.5,,0.6171024,0.57592595,0.67102396,0.63159037,0.63202614,0.6479303,0.7851852,0.70174295,0.7061002,0.7854031,0.8840959,0.8313727
ExtraTrees (T+E),0.030718956,0.03627451,0.049237475,0.032897606,0.03943355,0.057516348,0.045315906,0.06252724,0.089542486,0.10359478,0.07342048,0.11721134,0.11546842,0.14662309,0.1888889,0.17222221,0.22418296,0.20206973,0.20326798,0.21688454,0.2529412,0.33769068,0.29389977,0.24466233,0.42058823,0.3248366,0.2891068,0.43050107,0.27734202,0.36797386,0.4453159,0.41960785,0.33943355,0.3828976,,0.49389976,0.47984752,0.6332244,0.65925926,0.6583877,0.6583878,0.7496731,0.64444447,0.8183007,0.75228757,0.88583875
FastaiMLP (T+E),0.018518519,0.024183007,0.07799564,0.049891073,0.03082789,0.05708061,0.042919386,0.09466232,0.10893247,0.13028322,0.113725506,0.12363834,0.14444445,0.102723315,0.2174292,0.20000002,0.18366013,0.23311546,0.23725493,0.19760346,0.2755991,0.3088235,0.29673204,0.27472764,0.32429194,0.23605663,0.30751634,0.3108932,0.3178649,0.34291932,0.3684095,0.3618736,0.31786492,0.42407405,0.50610024,,0.50174284,0.56045747,0.5832244,0.58910674,0.6694989,0.6039214,0.6150327,0.74466234,0.845098,0.7636166
APLR (T+E),0.0167756,0.026143791,0.052505445,0.028540306,0.03224402,0.049455334,0.03006536,0.07080611,0.0795207,0.10610022,0.080283225,0.10326797,0.12984751,0.16002178,0.2194989,0.18932462,0.17930286,0.18605664,0.19041392,0.22854027,0.25816995,0.35882348,0.24531586,0.23769063,0.3224401,0.3069717,0.31220043,0.29520696,0.24989101,0.33551192,0.35381263,0.40239653,0.32429194,0.328976,0.52015245,0.49825713,,0.572549,0.5954249,0.59259266,0.75860566,0.6620915,0.61721134,0.7655775,0.8327888,0.7921569
RandomForest (T+E),0.03137255,0.026361657,0.03986928,0.023747278,0.032026146,0.037037037,0.026797386,0.06187364,0.09586058,0.10522876,0.0671024,0.091067545,0.14008714,0.10501088,0.15468411,0.15403052,0.21285401,0.15533769,0.15076254,0.1607843,0.22461875,0.30435732,0.23333332,0.1717865,0.3910676,0.3043573,0.23703706,0.42265794,0.240305,0.39411765,0.45250544,0.40098038,0.2993464,0.36840957,0.3667756,0.4395425,0.427451,,0.67124176,0.6684095,0.654902,0.72418296,0.6137255,0.7895425,0.7405228,0.8453159
Nori-30M (default),0.033115473,0.059041392,0.08627451,0.065795206,0.08692811,0.06688453,0.10588235,0.11459695,0.13660131,0.15555556,0.17080612,0.15446623,0.16732025,0.20544662,0.15860565,0.19891065,0.28148147,0.2583878,0.27233115,0.27472767,0.2671024,0.29433548,0.32331154,0.28409582,0.39150324,0.3091503,0.28061002,0.39193904,0.30196077,0.2884532,0.36448807,0.36252722,0.36405227,0.3679738,0.34074074,0.41677558,0.4045751,0.32875815,,0.5570806,0.49193898,0.5257081,0.5642702,0.6102397,0.60893244,0.63638353
Nori (default),0.025054466,0.03899782,0.050980397,0.046623096,0.076906316,0.054684095,0.06470588,0.083877996,0.10958606,0.1459695,0.13943355,0.12091503,0.15686275,0.16819172,0.13747276,0.17167757,0.26535946,0.25620914,0.27647057,0.25490198,0.2570806,0.29956424,0.3178649,0.27189538,0.37668845,0.29041395,0.2647059,0.38496736,0.29956427,0.29128543,0.3673203,0.36056647,0.3618736,0.3520697,0.3416122,0.4108932,0.40740734,0.33159038,0.4429194,,0.48997822,0.5285403,0.54684097,0.6130719,0.60893244,0.63572985
TabSTAR (T+E),0.05969499,0.08191721,0.100435734,0.07864923,0.08910675,0.113071896,0.09302832,0.09934641,0.106100224,0.11699347,0.10784314,0.11372549,0.14553377,0.14488018,0.19912857,0.18213508,0.14705883,0.16013072,0.16122004,0.19074073,0.23050106,0.24705885,0.16797386,0.18148148,0.27516338,0.1893246,0.24074076,0.25010893,0.1688453,0.22047931,0.17037034,0.30784312,0.21252722,0.2148148,0.34161216,0.33050108,0.24139433,0.34509805,0.50806105,0.5100218,,0.44095862,0.5320262,0.5577342,0.66274506,0.6283224
OrionMSP (default),0.01372549,0.01633987,0.0372549,0.020915033,0.021568628,0.033769064,0.032897606,0.032461878,0.050544664,0.05642702,0.057080615,0.05010894,0.050762527,0.10479303,0.085838795,0.08867103,0.13464053,0.13507625,0.16448803,0.15217866,0.20174292,0.23104572,0.16383442,0.16590416,0.2764706,0.116993465,0.15751633,0.27309367,0.2540305,0.22440088,0.28518516,0.3,0.24923748,0.2982571,0.2503268,0.39607844,0.33790848,0.275817,0.47429192,0.47145966,0.5590414,,0.49564272,0.6614379,0.69411767,0.66688454
PerpetualBooster (T+E),0.0061002183,0.0074074077,0.0074074077,0.014596951,0.0052287583,0.022004358,0.015250545,0.052505445,0.0627451,0.07864924,0.037254903,0.032026142,0.08976035,0.05141612,0.088235304,0.11023965,0.108061016,0.068627454,0.092592604,0.12352943,0.1507625,0.25577345,0.15206972,0.1429194,0.28976035,0.15947711,0.19106753,0.29847494,0.2522876,0.24749455,0.31067535,0.26383442,0.27494553,0.29389977,0.35555556,0.38496733,0.3827887,0.38627446,0.43572983,0.45315903,0.46797383,0.5043572,,0.60065365,0.6655774,0.61612195
TabFlex (default),0.021786494,0.025708063,0.034313727,0.032352943,0.028976036,0.03572985,0.03616558,0.02875817,0.04793029,0.0620915,0.038344227,0.04640523,0.03834423,0.0832244,0.07189543,0.05991286,0.08496732,0.09825707,0.118300654,0.08976035,0.15381262,0.2235294,0.115904145,0.11492374,0.22679737,0.07320262,0.09716775,0.21002178,0.17298476,0.20522875,0.20718956,0.1980392,0.15882353,0.21459696,0.18169934,0.2553377,0.23442267,0.21045752,0.3897603,0.38692808,0.44226575,0.33856213,0.3993464,,0.5669935,0.5808279
Linear (T+E),0.016993467,0.025708064,0.035511985,0.034204792,0.028322442,0.03398693,0.030283228,0.056427017,0.049237475,0.06688453,0.055337686,0.084422655,0.08148149,0.07538127,0.16252723,0.15381265,0.09226579,0.09586056,0.095424846,0.12440088,0.16427016,0.15294117,0.12440087,0.09716776,0.19466232,0.16590413,0.10370371,0.17701524,0.08932462,0.16993465,0.110021785,0.15272333,0.14095862,0.115904145,0.24771245,0.15490195,0.16721137,0.25947714,0.3910676,0.3910676,0.3372549,0.30588236,0.33442265,0.43300658,,0.3938998
KNN (T+E),0.01546841,0.01721133,0.039215688,0.017647058,0.022657953,0.03093682,0.02026144,0.049673207,0.048366014,0.051416125,0.04575164,0.067756,0.054030508,0.07037037,0.0791939,0.07799564,0.09324619,0.08169934,0.085620925,0.09586056,0.12995644,0.18453158,0.14084966,0.10174292,0.19520696,0.1267974,0.07745098,0.21089321,0.14509805,0.12113291,0.12788671,0.19411764,0.1586057,0.16862746,0.11416123,0.23638344,0.20784314,0.15468408,0.36361656,0.36427018,0.37167758,0.33311546,0.38387802,0.41917214,0.6061002,
